time,kurtosisx,kurtosisy,kurtosisz,kurtosisf,abs_kurtosisx,abs_kurtosisy,abs_kurtosisz,abs_kurtosisf,minx,miny,minz,minf,abs_minx,abs_miny,abs_minz,abs_minf,maxx,maxy,maxz,maxf,abs_maxx,abs_maxy,abs_maxz,abs_maxf,meanx,meany,meanz,meanf,abs_meanx,abs_meany,abs_meanz,abs_meanf,medianx,mediany,medianz,medianf
12:44,0.805484047571901,0.805484047571901,0.805484047571901,1.1048924587851845,0.805484047571901,0.805484047571901,0.805484047571901,1.1048924587851845,0.0,0.0,0.0,0.0,0.0,0.0,0.0,0.0,1.0,1.0,1.0,1.0,1.0,1.0,1.0,1.0,0.8333333333333334,0.8333333333333334,0.8333333333333334,0.8333333333333334,0.8333333333333334,0.8333333333333334,0.8333333333333334,0.8333333333333334,1.0,1.0,1.0,1.0
